algorithm,input,n,comparisons,moves,time_ms,valid
shellSort,random,2000,26455,16771,0.066,true
countingSort,random,2000,0,2000,0.021,true
cocktailShakerSort,random,2000,1499500,2976942,8.967,true
shellSort,sorted,2000,17006,0,0.034,true
countingSort,sorted,2000,0,2000,0.018,true
cocktailShakerSort,sorted,2000,1999,0,0.005,true
shellSort,reverse,2000,26416,20644,0.058,true
countingSort,reverse,2000,0,2000,0.010,true
cocktailShakerSort,reverse,2000,1999000,5997000,16.908,true
shellSort,duplicates,2000,18192,3025,0.044,true
countingSort,duplicates,2000,0,2000,0.013,true
cocktailShakerSort,duplicates,2000,1382395,1998999,6.374,true
shellSort,block,128,1018,594,0.006,true
countingSort,block,128,0,128,0.012,true
cocktailShakerSort,block,128,6298,11424,0.041,true
shellSort,block,256,2469,1486,0.011,true
countingSort,block,256,0,256,0.010,true
cocktailShakerSort,block,256,24765,47586,0.173,true
shellSort,block,512,6261,4028,0.020,true
countingSort,block,512,0,512,0.012,true
cocktailShakerSort,block,512,98938,193992,0.586,true
shellSort,block,1024,14802,9498,0.042,true
countingSort,block,1024,0,1024,0.013,true
cocktailShakerSort,block,1024,394998,779592,2.397,true
shellSort,block,2048,34498,22995,0.090,true
countingSort,block,2048,0,2048,0.021,true
cocktailShakerSort,block,2048,1575418,3132609,9.408,true
